Marca temporal,Edad,Sexo,Â¿CuÃ¡l semestre estÃ¡s cursando actualmente?,Â¿Trabajas actualmente?,Principal fuente de apoyo econÃ³mico,  Â¿Tu situaciÃ³n econÃ³mica ha afectado tu rendimiento acadÃ©mico?  ,  Los gastos que mÃ¡s afectan tu permanencia escolar son principalmente:  ,  Promedio general actual:  ,Â¿Cuentas con materias en repite?,Â¿CuÃ¡ntas en repite?,Â¿Cuentas con materias en especial?,Â¿CuÃ¡ntas en especial? ,La principal razÃ³n de tus reprobaciones ha sido:,Â¿CÃ³mo consideras tu horario actual?  ,OpiniÃ³n sobre la actitud de tus maestros:  ,Â¿Has enfrentado problemas por sobrecupo en clases o falta de recursos?  , Â¿Con quÃ© frecuencia te reÃºnes con amigos fuera de clase?  ,La influencia de tus amistades en tu rendimiento acadÃ©mico es:,"  Â¿Tus problemas personales (salud, estrÃ©s, autoestima, etc.) han afectado tu rendimiento?  ",El principal factor que te genera mÃ¡s estrÃ©s o ansiedad es:,"Actualmente, Â¿QuÃ© tan motivado estÃ¡s con tu carrera?  ",Â¿Te has planteado cambiar de carrera o abandonar los estudios?  ,Â¿Consideras que tu carrera se relaciona con tus intereses y habilidades?  ,Â¿QuÃ© tan seguro estÃ¡s de querer ejercer en tu Ã¡rea profesional en el futuro?  ,Â¿QuÃ© factor representa mayor riesgo para tu permanencia en la carrera?  ,"Si pudieras cambiar algo de tu situaciÃ³n acadÃ©mica actual para mejorar tu trayectoria, Â¿QuÃ© serÃ­a?  "
2025/09/18 3:42:05 p.Â m. GMT-6,27,Masculino,7mo,No,Familia,1,Transporte;AlimentaciÃ³n,70-80,SÃ­,1,No,,MÃ©todo de enseÃ±anza de los profesores,Pesado por materias muy separadas,3,SÃ­,3,5,2,Profesores,5,No,SÃ­,5,Ninguno,
2025/09/18 3:44:12 p.Â m. GMT-6,27,Masculino,11vo,Medio tiempo,Familia,1,Transporte,80-90,No,,No,,Horarios poco adecuados,Adecuado,4,SÃ­,4,4,3,Nivel acadÃ©mico,5,No,SÃ­,3,Ninguno,Nada 
2025/09/18 3:44:35 p.Â m. GMT-6,21,Masculino,9no,No,Familia,1,Otro,70-80,SÃ­,2,SÃ­,4,Falta de motivaciÃ³n/poco interÃ©s,Adecuado,3,No,2,3,3,Ambiente escolar (compaÃ±eros),2,No,SÃ­,4,"AcadÃ©micos (materias, maestros, horario)",Mayor carga de materias 
2025/09/18 3:46:02 p.Â m. GMT-6,21,Femenino,9no,Medio tiempo,Trabajo,5,Transporte;AlimentaciÃ³n;Materiales escolares;Renta/servicios,70-80,SÃ­,2,No,,Falta de motivaciÃ³n/poco interÃ©s,Adecuado,3,SÃ­,2,4,5,Profesores,3,No,SÃ­,3,EconÃ³micos,
2025/09/18 3:47:41 p.Â m. GMT-6,21,Femenino,5to,No,Familia,3,Transporte;AlimentaciÃ³n;Renta/servicios,70-80,SÃ­,2,No,,Horarios poco adecuados,Pesado por materias muy separadas,3,SÃ­,3,3,5,Nivel acadÃ©mico,2,"SÃ­, cambiar de carrera",SÃ­,5,"AcadÃ©micos (materias, maestros, horario)",Horarios 
2025/09/18 3:48:47 p.Â m. GMT-6,22,Masculino,9no,No,Familia,2,Transporte;AlimentaciÃ³n,70-80,SÃ­,1,No,,Horarios poco adecuados,Adecuado,4,SÃ­,2,3,3,SituaciÃ³n econÃ³mica,4,No,SÃ­,5,"Personales (salud, motivaciÃ³n, otros)",Que ofrecieran un apoyo econÃ³mico 
2025/09/18 3:51:39 p.Â m. GMT-6,23,Masculino,9no,No,Familia,1,Transporte;AlimentaciÃ³n,80-90,No,,No,,"Problemas externos (econÃ³micos, familiares, salud)",Adecuado,4,SÃ­,5,1,1,SituaciÃ³n econÃ³mica,4,"SÃ­, abandonar los estudios",SÃ­,3,"Personales (salud, motivaciÃ³n, otros)",El aumento de experiencia practica sobre el campo de mi carrera
2025/09/18 3:53:04 p.Â m. GMT-6,20,Femenino,7mo,No,Familia,1,Transporte;AlimentaciÃ³n,70-80,SÃ­,3,SÃ­,1,MÃ©todo de enseÃ±anza de los profesores,Adecuado,3,SÃ­,3,4,5,Ambiente escolar (compaÃ±eros),5,"SÃ­, abandonar los estudios",SÃ­,4,"AcadÃ©micos (materias, maestros, horario)",Algunos de los profesores y sus criterios de evaluaciones 
2025/09/18 3:55:07 p.Â m. GMT-6,22,Masculino,9no,No,Familia,1,Renta/servicios,80-90,No,,No,,Horarios poco adecuados,Adecuado,5,SÃ­,3,5,1,Horarios,5,No,SÃ­,4,Ninguno,
2025/09/18 3:56:15 p.Â m. GMT-6,20,Femenino,5to,No,Familia,2,Renta/servicios,80-90,No,,No,,Horarios poco adecuados,Pesado por materias muy separadas,2,No,3,3,5,Ambiente escolar (compaÃ±eros),4,No,SÃ­,5,"Personales (salud, motivaciÃ³n, otros)",Mejorar los horarios y tener mejores instalaciones y recursos en las instalaciones para que no haya problemas a la hora de realizar entregas 
2025/09/18 3:56:51 p.Â m. GMT-6,22,Masculino,9no,Tiempo completo,Trabajo,2,Renta/servicios,80-90,No,,No,,MÃ©todo de enseÃ±anza de los profesores,Adecuado,3,No,2,4,3,Profesores,5,No,SÃ­,4,"AcadÃ©micos (materias, maestros, horario)",Mayores plazos para terminar residencias profesionales
2025/09/18 4:00:25 p.Â m. GMT-6,22,Masculino,9no,No,Familia,2,Transporte,80-90,No,,No,,"Problemas externos (econÃ³micos, familiares, salud)",Adecuado,4,SÃ­,3,5,2,Exceso de tareas,5,No,SÃ­,5,EconÃ³micos,Ã‰charle huevos 
2025/09/18 4:00:39 p.Â m. GMT-6,21,Femenino,9no,Medio tiempo,Trabajo,1,Transporte,80-90,No,,No,,MÃ©todo de enseÃ±anza de los profesores,Pesado por materias muy separadas,1,SÃ­,5,3,4,Profesores,3,No,SÃ­,5,"AcadÃ©micos (materias, maestros, horario)",El horario 
2025/09/18 4:00:46 p.Â m. GMT-6,22,Masculino,9no,Medio tiempo,Trabajo,4,Materiales escolares,80-90,No,,SÃ­,1,MÃ©todo de enseÃ±anza de los profesores,Pesado por materias muy separadas,3,SÃ­,1,4,3,Nivel acadÃ©mico,4,"SÃ­, abandonar los estudios",SÃ­,5,EconÃ³micos,Avance reticular
2025/09/18 4:03:57 p.Â m. GMT-6,19,Femenino,3er,No,Familia,3,Transporte,70-80,SÃ­,1,No,,"Problemas externos (econÃ³micos, familiares, salud)",Adecuado,4,No,1,5,3,Horarios,4,No,SÃ­,3,Ninguno,
2025/09/18 4:04:36 p.Â m. GMT-6,22,Masculino,9no,No,Familia,3,Renta/servicios,80-90,No,,No,,Falta de motivaciÃ³n/poco interÃ©s,Adecuado,3,SÃ­,5,5,5,Profesores,5,No,SÃ­,5,"Personales (salud, motivaciÃ³n, otros)",Actualizar el plan de estudios y fomentar el apoyo con becas para estudiantes 
2025/09/18 4:04:56 p.Â m. GMT-6,23,Masculino,5to,No,Familia,1,Transporte,Menor a 70,SÃ­,2,No,,MÃ©todo de enseÃ±anza de los profesores,Pesado por materias muy separadas,5,No,5,3,4,Nivel acadÃ©mico,1,"SÃ­, cambiar de carrera",SÃ­,2,"AcadÃ©micos (materias, maestros, horario)",
2025/09/18 4:07:15 p.Â m. GMT-6,21,Masculino,7mo,Tiempo completo,Trabajo,3,AlimentaciÃ³n;Renta/servicios,80-90,SÃ­,2,No,,MÃ©todo de enseÃ±anza de los profesores,Adecuado,4,SÃ­,3,4,4,Ambiente escolar (compaÃ±eros),5,No,SÃ­,5,"Sociales (amistades, ambiente)",Que los maestros se enfoquen mÃ¡s a la enseÃ±anza impartida ya que ay cosas que no estÃ¡n tan actualizadas o mÃ©todos que ya no se utilizan 
2025/09/18 4:07:25 p.Â m. GMT-6,22,Masculino,9no,No,Familia,1,AlimentaciÃ³n;Renta/servicios,80-90,No,,No,,Horarios poco adecuados,Adecuado,2,SÃ­,3,5,1,Exceso de tareas,4,No,SÃ­,5,Ninguno,Ninguna
2025/09/18 4:07:28 p.Â m. GMT-6,19,Masculino,3er,No,Familia,3,Transporte;AlimentaciÃ³n,80-90,SÃ­,1,No,,MÃ©todo de enseÃ±anza de los profesores,Adecuado,4,No,4,5,4,Exceso de tareas,2,No,SÃ­,4,"AcadÃ©micos (materias, maestros, horario)",EnseÃ±anza de los profesores 
2025/09/18 4:07:28 p.Â m. GMT-6,21,Prefiero no decirlo,7mo,No,Familia,1,Transporte;AlimentaciÃ³n,80-90,No,,No,,MÃ©todo de enseÃ±anza de los profesores,Pesado por materias muy separadas,3,SÃ­,2,3,2,Profesores,3,"SÃ­, abandonar los estudios",SÃ­,3,"AcadÃ©micos (materias, maestros, horario)",
2025/09/18 4:07:31 p.Â m. GMT-6,22,Masculino,9no,No,Familia,1,Transporte;AlimentaciÃ³n,90-100,No,,No,,MÃ©todo de enseÃ±anza de los profesores,Adecuado,4,No,5,5,1,Exceso de tareas,3,No,SÃ­,4,EconÃ³micos,
2025/09/18 4:10:27 p.Â m. GMT-6,21,Masculino,9no,No,Familia,2,Transporte,80-90,No,,No,,"Problemas externos (econÃ³micos, familiares, salud)",Adecuado,4,No,4,5,1,SituaciÃ³n econÃ³mica,5,No,SÃ­,5,Ninguno,
2025/09/18 4:15:14 p.Â m. GMT-6,18,Femenino,3er,No,Familia,1,Otro,80-90,SÃ­,1,No,,MÃ©todo de enseÃ±anza de los profesores,Adecuado,3,No,2,4,3,Ambiente escolar (compaÃ±eros),4,No,No,3,"Personales (salud, motivaciÃ³n, otros)",
2025/09/18 4:15:15 p.Â m. GMT-6,18,Femenino,3er,No,Familia,1,Transporte,Menor a 70,SÃ­,2,No,,Falta de motivaciÃ³n/poco interÃ©s,Adecuado,3,SÃ­,2,3,3,Profesores,3,"SÃ­, cambiar de carrera",SÃ­,4,"AcadÃ©micos (materias, maestros, horario)",mejor capacitaciÃ³n a maestros y personal de oficina 
2025/09/18 4:17:20 p.Â m. GMT-6,22,Masculino,9no,No,Familia,3,Transporte;Materiales escolares,80-90,No,,No,,MÃ©todo de enseÃ±anza de los profesores,Pesado por materias muy separadas,2,SÃ­,3,3,2,Profesores,3,No,SÃ­,4,"Personales (salud, motivaciÃ³n, otros)","Mejores maestros, mejoras en el plantel"
2025/09/18 4:18:28 p.Â m. GMT-6,26,Masculino,9no,No,Familia,5,Transporte;AlimentaciÃ³n,70-80,SÃ­,5,SÃ­,1,Horarios poco adecuados,Pesado por materias muy separadas,1,SÃ­,1,1,1,Horarios,5,No,SÃ­,5,"AcadÃ©micos (materias, maestros, horario)",El horario 
2025/09/18 4:20:58 p.Â m. GMT-6,21,Masculino,7mo,No,Familia,2,Transporte;AlimentaciÃ³n,70-80,No,,No,,MÃ©todo de enseÃ±anza de los profesores,Adecuado,4,SÃ­,4,5,4,Profesores,4,No,SÃ­,5,"AcadÃ©micos (materias, maestros, horario)",Ninguna 
2025/09/18 4:21:18 p.Â m. GMT-6,22,Masculino,7mo,Medio tiempo,Familia,1,Transporte,70-80,SÃ­,3,No,,Falta de motivaciÃ³n/poco interÃ©s,Adecuado,3,No,3,3,3,SituaciÃ³n econÃ³mica,3,No,SÃ­,5,"Sociales (amistades, ambiente)",Agregar otras 2 materias me servirÃ­a mucho 
2025/09/18 4:23:40 p.Â m. GMT-6,22,Masculino,9no,No,Familia,5,Transporte;AlimentaciÃ³n,70-80,SÃ­,3,No,,"Problemas externos (econÃ³micos, familiares, salud)",Pesado por materias muy separadas,1,SÃ­,1,4,4,Profesores,3,"SÃ­, cambiar de carrera",No,1,"AcadÃ©micos (materias, maestros, horario)",
2025/09/18 4:28:31 p.Â m. GMT-6,22,Masculino,9no,No,Familia,2,AlimentaciÃ³n,80-90,No,,No,,Falta de motivaciÃ³n/poco interÃ©s,Adecuado,5,No,3,5,5,Exceso de tareas,4,No,SÃ­,5,EconÃ³micos,
2025/09/18 4:32:00 p.Â m. GMT-6,18,Femenino,3er,No,Familia,1,Transporte;AlimentaciÃ³n,Menor a 70,SÃ­,3,No,,Horarios poco adecuados,Adecuado,4,No,2,1,1,Nivel acadÃ©mico,4,No,SÃ­,5,"AcadÃ©micos (materias, maestros, horario)",Nada por ahorita estoy bien 
2025/09/18 4:41:57 p.Â m. GMT-6,23,Masculino,9no,No,Familia,2,Otro,70-80,SÃ­,2,No,,Falta de motivaciÃ³n/poco interÃ©s,Pesado por materias muy separadas,4,SÃ­,4,5,4,Ambiente escolar (compaÃ±eros),5,"SÃ­, cambiar de carrera",SÃ­,5,"AcadÃ©micos (materias, maestros, horario)","Los profesores y sus modos de enseÃ±anza, caracter, los horarios "
2025/09/18 5:06:53 p.Â m. GMT-6,22,Femenino,7mo,Medio tiempo,Familia,3,Transporte,70-80,No,,No,,"Problemas externos (econÃ³micos, familiares, salud)",Pesado por materias muy separadas,4,SÃ­,3,3,4,Horarios,3,No,No,3,"Personales (salud, motivaciÃ³n, otros)",Los horarios 
2025/09/18 5:10:22 p.Â m. GMT-6,24,Masculino,11vo,No,Familia,2,Transporte;AlimentaciÃ³n,80-90,No,,No,,"Problemas externos (econÃ³micos, familiares, salud)",Adecuado,5,SÃ­,4,5,5,Horarios,4,No,SÃ­,3,"Personales (salud, motivaciÃ³n, otros)",
2025/09/18 5:19:30 p.Â m. GMT-6,18,Masculino,3er,No,Familia,1,Transporte;AlimentaciÃ³n,90-100,No,,No,,,Adecuado,3,No,1,3,2,Exceso de tareas,3,No,SÃ­,4,EconÃ³micos,Nada de momento 
2025/09/18 5:30:36 p.Â m. GMT-6,21,Masculino,7mo,No,Familia,1,Transporte;AlimentaciÃ³n;Materiales escolares,70-80,SÃ­,2,No,,MÃ©todo de enseÃ±anza de los profesores,Pesado por materias muy separadas,4,SÃ­,5,3,1,Exceso de tareas,3,No,SÃ­,4,"AcadÃ©micos (materias, maestros, horario)",Pues nada 
2025/09/18 5:32:26 p.Â m. GMT-6,23,Femenino,9no,No,Familia,3,AlimentaciÃ³n;Renta/servicios,80-90,No,,No,,,Adecuado,5,No,3,3,3,Exceso de tareas,3,No,SÃ­,3,Ninguno,Ninguna 
2025/09/18 6:27:49 p.Â m. GMT-6,22,Femenino,9no,No,Familia,1,AlimentaciÃ³n;Renta/servicios,80-90,No,,No,,Falta de motivaciÃ³n/poco interÃ©s,Adecuado,3,No,3,5,3,Nivel acadÃ©mico,2,"SÃ­, cambiar de carrera",SÃ­,3,Ninguno,
2025/09/18 7:57:06 p.Â m. GMT-6,24,Masculino,7mo,No,Familia,1,Transporte;AlimentaciÃ³n,70-80,SÃ­,2,No,,Falta de motivaciÃ³n/poco interÃ©s,Pesado por materias muy separadas,3,No,1,3,4,Horarios,3,"SÃ­, abandonar los estudios",SÃ­,3,Ninguno,Horarios.
2025/09/18 8:39:48 p.Â m. GMT-6,24,Masculino,9no,No,Familia,1,Otro,70-80,No,,No,,MÃ©todo de enseÃ±anza de los profesores,Adecuado,1,SÃ­,1,1,1,Profesores,1,"SÃ­, cambiar de carrera",No,3,"AcadÃ©micos (materias, maestros, horario)",No pistear 
2025/09/18 10:02:25 p.Â m. GMT-6,22,Masculino,9no,No,Familia,1,Otro,80-90,No,,No,,MÃ©todo de enseÃ±anza de los profesores,Adecuado,4,No,4,4,5,Profesores,3,No,SÃ­,4,Ninguno,
2025/09/19 11:23:15 a.Â m. GMT-6,21,Femenino,3er,Medio tiempo,Trabajo,3,AlimentaciÃ³n,80-90,SÃ­,1,No,,"Problemas externos (econÃ³micos, familiares, salud)",Adecuado,3,SÃ­,2,4,4,Profesores,3,"SÃ­, cambiar de carrera",No,4,"Personales (salud, motivaciÃ³n, otros)","En cuanto a mÃ­, cambiarÃ­a la forma en que administro mis horarios para poder dedicar mÃ¡s tiempo al estudio y a la prÃ¡ctica. En cuanto a la escuela, harÃ­a que las clases fueran mÃ¡s dinÃ¡micas, utilizando distintos mÃ©todos de enseÃ±anza que atrapen el interÃ©s de los estudiantes y motiven una mayor participaciÃ³n."
2025/09/19 11:31:00 a.Â m. GMT-6,19,Masculino,3er,No,Familia,2,Transporte;AlimentaciÃ³n,70-80,SÃ­,1,No,,MÃ©todo de enseÃ±anza de los profesores,Pesado por materias muy separadas,3,SÃ­,3,5,2,Profesores,3,No,SÃ­,4,"AcadÃ©micos (materias, maestros, horario)",
2025/09/19 11:34:51 a.Â m. GMT-6,19,Masculino,3er,Medio tiempo,Trabajo,3,AlimentaciÃ³n,80-90,SÃ­,1,No,,MÃ©todo de enseÃ±anza de los profesores,Adecuado,3,SÃ­,3,2,3,Exceso de tareas,4,No,SÃ­,4,"Sociales (amistades, ambiente)",No lo se
2025/09/19 1:16:27 p.Â m. GMT-6,21,Masculino,7mo,No,Familia,3,Transporte;AlimentaciÃ³n,80-90,SÃ­,1,No,,MÃ©todo de enseÃ±anza de los profesores,Adecuado,3,No,3,4,2,SituaciÃ³n econÃ³mica,3,No,SÃ­,4,EconÃ³micos,MÃ¡s problemas realistas que ejercicios metÃ³dicos en sÃ­ 
2025/09/19 2:25:45 p.Â m. GMT-6,22,Masculino,9no,No,Familia,3,Transporte;AlimentaciÃ³n,80-90,SÃ­,1,No,,Horarios poco adecuados,Pesado por materias muy separadas,3,SÃ­,1,4,1,Horarios,5,No,SÃ­,5,"Personales (salud, motivaciÃ³n, otros)",Agregar materias en lÃ­nea 
2025/09/19 5:34:55 p.Â m. GMT-6,20,Femenino,5to,No,Familia,3,AlimentaciÃ³n;Materiales escolares,70-80,No,,No,,,Pesado por carga excesiva,2,SÃ­,1,5,5,Profesores,1,"SÃ­, cambiar de carrera",No,1,"AcadÃ©micos (materias, maestros, horario)",
2025/09/19 5:52:24 p.Â m. GMT-6,20,Masculino,5to,No,Familia,1,Materiales escolares,80-90,No,,No,,,Adecuado,5,SÃ­,3,5,1,Exceso de tareas,5,No,SÃ­,5,Ninguno,Nada
2025/09/19 5:58:35 p.Â m. GMT-6,21,Masculino,5to,Medio tiempo,Trabajo,2,Transporte,70-80,SÃ­,2,No,,Falta de motivaciÃ³n/poco interÃ©s,Pesado por materias muy separadas,2,SÃ­,2,3,1,Horarios,2,"SÃ­, abandonar los estudios",SÃ­,2,"AcadÃ©micos (materias, maestros, horario)",Al inÃºtil del jefe de carrera
2025/09/19 6:33:02 p.Â m. GMT-6,21,Masculino,5to,Medio tiempo,Familia,2,AlimentaciÃ³n;Renta/servicios,80-90,No,,No,,MÃ©todo de enseÃ±anza de los profesores,Adecuado,5,SÃ­,5,5,3,Profesores,5,No,No,5,"AcadÃ©micos (materias, maestros, horario)",Las instalaciones del tec 
2025/09/20 7:06:11 p.Â m. GMT-6,22,Femenino,9no,No,Familia,1,Otro,80-90,No,,No,,Horarios poco adecuados,Pesado por materias muy separadas,3,SÃ­,2,5,2,Nivel acadÃ©mico,5,"SÃ­, cambiar de carrera",SÃ­,5,Ninguno,"Actualmente no cambiarÃ­a nada, a pesar de los detalles (horario) estÃ¡ bien mi situaciÃ³n acadÃ©mica actualmente "
2025/09/22 8:44:53 a.Â m. GMT-6,23,Masculino,7mo,No,Familia,3,AlimentaciÃ³n,70-80,SÃ­,1,No,,MÃ©todo de enseÃ±anza de los profesores,Pesado por materias muy separadas,3,SÃ­,5,3,3,Nivel acadÃ©mico,2,"SÃ­, abandonar los estudios",No,2,"Personales (salud, motivaciÃ³n, otros)",Mejores horarios de carga de materias 
2025/09/22 5:18:39 p.Â m. GMT-6,21,Femenino,7mo,No,Familia,1,Transporte;AlimentaciÃ³n,Menor a 70,SÃ­,1,No,,Falta de motivaciÃ³n/poco interÃ©s,Pesado por materias muy separadas,3,SÃ­,5,5,4,Exceso de tareas,4,"SÃ­, cambiar de carrera",SÃ­,4,"Personales (salud, motivaciÃ³n, otros)",Abrir mÃ¡s grupos con suficientes cupo para poder llevar las materias
2025/09/22 7:05:47 p.Â m. GMT-6,21,Femenino,7mo,No,Beca,2,Transporte;AlimentaciÃ³n,80-90,No,,No,,MÃ©todo de enseÃ±anza de los profesores,Pesado por materias muy separadas,3,SÃ­,2,3,3,Horarios,4,No,SÃ­,4,Ninguno,Mejores horarios 
2025/09/23 10:26:28 a.Â m. GMT-6,19,Masculino,3er,Medio tiempo,Familia,1,Materiales escolares;Renta/servicios,80-90,No,,No,,,Adecuado,3,No,4,5,2,Exceso de tareas,5,No,SÃ­,5,"Personales (salud, motivaciÃ³n, otros)",Menos tareas mas trabajo en clase
2025/09/23 10:29:08 a.Â m. GMT-6,18,Masculino,3er,Medio tiempo,Trabajo,1,Materiales escolares;Renta/servicios,80-90,No,,No,,,Adecuado,3,No,4,5,2,Exceso de tareas,5,No,SÃ­,5,Ninguno,Mas trabajo en clase menos tareas
2025/09/23 10:35:54 a.Â m. GMT-6,25,Masculino,3er,Medio tiempo,Trabajo,4,Transporte;AlimentaciÃ³n,80-90,No,,No,,,Pesado por materias muy separadas,5,SÃ­,1,3,2,SituaciÃ³n econÃ³mica,4,No,SÃ­,5,EconÃ³micos,Poder contar con una beca
2025/09/23 10:57:20 a.Â m. GMT-6,18 aÃ±os,Masculino,3er,No,Familia,3,Materiales escolares,90-100,No,,No,,MÃ©todo de enseÃ±anza de los profesores,Adecuado,4,SÃ­,1,2,4,SituaciÃ³n econÃ³mica,4,No,SÃ­,3,"AcadÃ©micos (materias, maestros, horario)","tener mejores instalaciones, en el salon en donde tengo la mayoria de mis clases existen goteras y un mal diseÃ±o del acomodo de las bancas, a veces, incluso no hay sillas."
2025/09/23 10:57:55 a.Â m. GMT-6,19,Femenino,3er,No,Familia,2,AlimentaciÃ³n;Renta/servicios,90-100,No,,No,,,Pesado por carga excesiva,3,No,2,4,5,Exceso de tareas,3,No,SÃ­,5,Ninguno,"Mejores instalaciones de la escuela, y sobre todo quÃ© aumentarÃ¡n el tiempo de entrega de las asignaciones "
2025/09/23 11:00:55 a.Â m. GMT-6,18,Femenino,3er,No,Familia,3,AlimentaciÃ³n,90-100,No,,No,,,Pesado por carga excesiva,4,No,3,3,4,Nivel acadÃ©mico,4,No,SÃ­,4,"AcadÃ©micos (materias, maestros, horario)",Revaluar el contenido y la eficiencia de cada alumno en temas de la unidad y dar un temario en cada examen que se presente para la mejor compresiÃ³n de todo lo visto.
2025/09/23 11:05:08 a.Â m. GMT-6,18 aÃ±os,Masculino,3er,No,Familia,2,Transporte;Materiales escolares,90-100,No,,No,,MÃ©todo de enseÃ±anza de los profesores,Adecuado,4,SÃ­,1,3,4,Profesores,3,No,SÃ­,3,"AcadÃ©micos (materias, maestros, horario)",mejoras en los salones
2025/09/23 11:06:52 a.Â m. GMT-6,18,Femenino,3er,No,Familia,3,AlimentaciÃ³n,90-100,No,,No,,MÃ©todo de enseÃ±anza de los profesores,Pesado por carga excesiva,4,No,3,3,4,Nivel acadÃ©mico,4,No,SÃ­,4,"AcadÃ©micos (materias, maestros, horario)",Revaluar el contenido y la eficiencia de cada alumno en temas de la unidad y dar un temario en cada examen que se presente para la mejor compresiÃ³n de todo lo visto.
2025/09/23 11:17:28 a.Â m. GMT-6,18 aÃ±os,Masculino,3er,No,Familia,3,Transporte;Materiales escolares,90-100,No,,No,,MÃ©todo de enseÃ±anza de los profesores,Adecuado,4,SÃ­,1,2,4,Profesores,3,No,SÃ­,3,"AcadÃ©micos (materias, maestros, horario)",Una mejora en la enseÃ±anza de los maestros.
2025/09/23 11:20:39 a.Â m. GMT-6,18,Femenino,3er,No,Familia,3,AlimentaciÃ³n,90-100,No,,No,,Carga acadÃ©mica excesiva,Pesado por carga excesiva,4,No,3,3,4,Exceso de tareas,4,No,SÃ­,4,"AcadÃ©micos (materias, maestros, horario)","Tener apoyo de maestros para mejorar en la compresiÃ³n de los temas, reforzamiento y temarios para los examenes."
2025/09/23 11:21:16 a.Â m. GMT-6,20,Masculino,3er,No,Familia,3,Transporte;AlimentaciÃ³n,90-100,No,,No,,,Adecuado,3,SÃ­,3,3,3,Exceso de tareas,5,No,SÃ­,5,Ninguno,Entrar a certificados para obtener un mayor nivel de preparacion
2025/09/23 11:27:49 a.Â m. GMT-6,20,Masculino,3er,No,Familia,3,Transporte;AlimentaciÃ³n,90-100,No,,No,,,Adecuado,3,SÃ­,4,5,3,Exceso de tareas,5,No,SÃ­,5,Ninguno,Realizar certificados para prepararme mejor para el ambiente laboral
2025/09/23 11:28:03 a.Â m. GMT-6,21,Femenino,3er,No,Familia,3,Transporte;Materiales escolares,80-90,No,,No,,Falta de motivaciÃ³n/poco interÃ©s,Adecuado,3,SÃ­,5,4,5,Horarios,2,No,SÃ­,5,Ninguno,"Poner mÃ¡s atenciÃ³n en clases, o que hicieran mÃ¡s amenas las clases, a veces aburren"
2025/09/23 11:30:27 a.Â m. GMT-6,20,Masculino,3er,No,Familia,3,Transporte;AlimentaciÃ³n,90-100,No,,No,,Horarios poco adecuados,Adecuado,3,SÃ­,4,5,3,Exceso de tareas,5,No,SÃ­,5,Ninguno,Tener certificados para prepararme mejor para el ambiente laboral
2025/09/23 11:38:33 a.Â m. GMT-6,20,Masculino,5to,No,Familia,2,Transporte,80-90,No,,No,,MÃ©todo de enseÃ±anza de los profesores,Adecuado,3,SÃ­,2,4,3,Exceso de tareas,4,No,SÃ­,5,"Personales (salud, motivaciÃ³n, otros)",El horario
2025/09/23 12:01:55 p.Â m. GMT-6,20,Masculino,5to,No,Familia,2,Renta/servicios,80-90,No,,No,,Horarios poco adecuados,Adecuado,4,SÃ­,2,3,1,Ambiente escolar (compaÃ±eros),4,No,SÃ­,4,"AcadÃ©micos (materias, maestros, horario)",Nada
2025/09/23 12:05:54 p.Â m. GMT-6,19,Masculino,3er,No,Familia,1,Materiales escolares,90-100,No,,No,,,Adecuado,5,SÃ­,2,4,1,Exceso de tareas,5,No,SÃ­,5,"AcadÃ©micos (materias, maestros, horario)","La calidad de los salones e instalaciones en general (baÃ±os, clima, etc)"
2025/09/23 12:15:18 p.Â m. GMT-6,19,Masculino,3er,No,Familia,1,Materiales escolares,90-100,No,,No,,,Adecuado,5,No,2,4,1,Exceso de tareas,5,No,SÃ­,5,"AcadÃ©micos (materias, maestros, horario)",Mejorar el laboratorio de sistemas
2025/09/23 12:18:33 p.Â m. GMT-6,19,Masculino,3er,No,Familia,1,Materiales escolares,90-100,No,,No,,,Adecuado,5,No,2,4,1,Exceso de tareas,5,"SÃ­, cambiar de carrera",SÃ­,5,"AcadÃ©micos (materias, maestros, horario)",El edificio de sistemas
2025/09/23 12:23:36 p.Â m. GMT-6,18,Masculino,3er,No,Familia,1,Transporte,90-100,No,,No,,"Problemas externos (econÃ³micos, familiares, salud)",Adecuado,4,SÃ­,4,4,4,Exceso de tareas,3,"SÃ­, cambiar de carrera",SÃ­,4,"AcadÃ©micos (materias, maestros, horario)",Las tareas 
2025/09/23 12:23:57 p.Â m. GMT-6,19,Femenino,3er,No,Familia,1,Transporte;AlimentaciÃ³n,90-100,No,,No,,MÃ©todo de enseÃ±anza de los profesores,Pesado por carga excesiva,3,SÃ­,2,4,4,Exceso de tareas,3,"SÃ­, cambiar de carrera",SÃ­,4,"AcadÃ©micos (materias, maestros, horario)",El horario y la carga de clases 
2025/09/23 12:27:27 p.Â m. GMT-6,18,Masculino,3er,No,Familia,2,Transporte,90-100,No,,No,,Carga acadÃ©mica excesiva,Adecuado,2,SÃ­,4,4,2,Exceso de tareas,4,"SÃ­, cambiar de carrera",SÃ­,4,"AcadÃ©micos (materias, maestros, horario)",Las tareas 
2025/09/23 12:29:35 p.Â m. GMT-6,19,Femenino,3er,Medio tiempo,Familia,3,Transporte;AlimentaciÃ³n,70-80,No,,No,,,Adecuado,3,SÃ­,3,3,3,Horarios,3,No,SÃ­,3,EconÃ³micos,"Esforzarme mÃ¡s, estudiar, repasar y preguntar dudas "
2025/09/23 12:32:19 p.Â m. GMT-6,19,Femenino,3er,Medio tiempo,Familia,3,Transporte;AlimentaciÃ³n,70-80,No,,No,,,Adecuado,3,SÃ­,3,3,3,Horarios,3,No,SÃ­,3,EconÃ³micos,Prepararme mÃ¡s y estudiar mÃ¡s 
2025/09/23 12:33:48 p.Â m. GMT-6,19,Femenino,3er,No,Familia,1,Transporte;AlimentaciÃ³n,90-100,No,,No,,MÃ©todo de enseÃ±anza de los profesores,Pesado por carga excesiva,3,No,2,4,2,Profesores,3,"SÃ­, cambiar de carrera",SÃ­,4,"AcadÃ©micos (materias, maestros, horario)",Mi sobrecarga de materias 
2025/09/23 12:43:52 p.Â m. GMT-6,20,Masculino,3er,No,Familia,3,Materiales escolares,80-90,No,,No,,MÃ©todo de enseÃ±anza de los profesores,Adecuado,4,No,4,5,1,Exceso de tareas,2,"SÃ­, abandonar los estudios",SÃ­,3,"Personales (salud, motivaciÃ³n, otros)",Los salones estan horribles para no decir otra cosa
2025/09/23 4:38:56 p.Â m. GMT-6,19,Masculino,3er,No,Familia,3,AlimentaciÃ³n;Renta/servicios,80-90,No,,No,,Falta de motivaciÃ³n/poco interÃ©s,Adecuado,5,SÃ­,2,4,4,SituaciÃ³n econÃ³mica,5,No,SÃ­,5,EconÃ³micos,No haberme atrasado en dos materias.
2025/09/23 4:41:46 p.Â m. GMT-6,19,Masculino,3er,No,Familia,4,AlimentaciÃ³n;Renta/servicios,80-90,No,,No,,Falta de motivaciÃ³n/poco interÃ©s,Adecuado,5,SÃ­,2,4,3,SituaciÃ³n econÃ³mica,5,No,SÃ­,5,EconÃ³micos,No haberme atrasado en dos materias.
2025/09/23 4:44:43 p.Â m. GMT-6,19,Masculino,3er,No,Familia,4,AlimentaciÃ³n;Renta/servicios,80-90,No,,No,,Falta de motivaciÃ³n/poco interÃ©s,Adecuado,5,SÃ­,2,4,3,SituaciÃ³n econÃ³mica,5,No,SÃ­,5,EconÃ³micos,El haberme atrasado con dos materias.
2025/09/23 4:50:03 p.Â m. GMT-6,19,Masculino,3er,No,Familia,2,Renta/servicios,90-100,No,,No,,,Adecuado,4,No,2,3,3,Exceso de tareas,4,No,SÃ­,5,Ninguno,
2025/09/23 4:51:48 p.Â m. GMT-6,19,Masculino,3er,No,Familia,2,Renta/servicios,90-100,No,,No,,,Adecuado,4,No,2,4,2,Exceso de tareas,4,No,SÃ­,5,EconÃ³micos,
2025/09/23 4:53:47 p.Â m. GMT-6,19,Masculino,3er,No,Familia,2,Renta/servicios,90-100,No,,No,,,Adecuado,4,No,2,4,2,Exceso de tareas,4,No,SÃ­,5,EconÃ³micos,
2025/09/23 4:55:43 p.Â m. GMT-6,19,Masculino,3er,No,Familia,2,Renta/servicios,90-100,No,,No,,,Adecuado,4,No,2,4,2,Exceso de tareas,4,No,SÃ­,5,EconÃ³micos,
2025/09/23 6:28:52 p.Â m. GMT-6,19,Masculino,3er,No,Familia,3,AlimentaciÃ³n;Materiales escolares;Renta/servicios,90-100,No,,No,,,Adecuado,5,SÃ­,2,5,5,Horarios,5,No,SÃ­,4,EconÃ³micos,tener mas dinero
2025/09/23 6:31:22 p.Â m. GMT-6,19,Masculino,3er,No,Familia,3,AlimentaciÃ³n;Materiales escolares;Renta/servicios,90-100,No,,No,,,Adecuado,5,SÃ­,2,5,5,Horarios,5,No,SÃ­,5,EconÃ³micos,"mas dinero
"
2025/09/23 6:32:44 p.Â m. GMT-6,19,Masculino,3er,No,Familia,3,AlimentaciÃ³n;Materiales escolares;Renta/servicios,90-100,No,,No,,,Adecuado,5,SÃ­,2,5,5,Horarios,5,No,SÃ­,5,EconÃ³micos,mas dinero
2025/09/23 6:44:00 p.Â m. GMT-6,18,Masculino,3er,No,Familia,1,Transporte,80-90,No,,No,,,Adecuado,4,No,2,4,1,Exceso de tareas,4,No,SÃ­,2,EconÃ³micos,Poner horario sin materias salteadas
2025/09/23 6:47:26 p.Â m. GMT-6,18,Masculino,3er,No,Familia,2,Transporte,80-90,No,,No,,,Adecuado,4,No,2,4,1,Exceso de tareas,4,No,No,2,Ninguno,Quitar las horas libres entre clases
2025/09/23 6:52:10 p.Â m. GMT-6,18,Masculino,3er,No,Familia,2,Transporte,80-90,No,,No,,,Adecuado,4,No,2,4,1,Horarios,4,No,No,2,EconÃ³micos,Quitar horas libres entre clases
2025/09/23 7:29:50 p.Â m. GMT-6,19,Masculino,3er,No,Familia,1,Materiales escolares,80-90,No,,No,,,Adecuado,5,SÃ­,1,4,3,Nivel acadÃ©mico,4,No,SÃ­,5,Ninguno,AsesorÃ­as en algunas materias o plan de estudios mÃ¡s accesible
2025/09/23 7:34:54 p.Â m. GMT-6,19,Masculino,3er,No,Familia,1,Materiales escolares,80-90,No,,No,,,Adecuado,4,SÃ­,1,4,2,Nivel acadÃ©mico,4,No,SÃ­,5,"AcadÃ©micos (materias, maestros, horario)",MÃ¡s asesorÃ­as en algunas materias y plan de estudios un poco mÃ¡s accesible o mejor orientado a las necesidades del grupo.
2025/09/23 8:54:46 p.Â m. GMT-6,21,Femenino,7mo,No,Familia,3,AlimentaciÃ³n,70-80,SÃ­,1,No,,MÃ©todo de enseÃ±anza de los profesores,Adecuado,5,SÃ­,3,4,2,Profesores,3,"SÃ­, abandonar los estudios",SÃ­,3,"Sociales (amistades, ambiente)",que pudiera cursar todas las materias de mi semestre sin tener que esperarme hasta las 10 de la noche si salgo a la 1 de la tarde
2025/09/23 9:02:24 p.Â m. GMT-6,21,Femenino,7mo,No,Familia,3,Transporte;AlimentaciÃ³n,70-80,SÃ­,1,No,,MÃ©todo de enseÃ±anza de los profesores,Adecuado,3,SÃ­,3,4,3,Profesores,3,"SÃ­, abandonar los estudios",SÃ­,3,"Sociales (amistades, ambiente)",que pudiera cursar todas las materias que me corresponde a mi semestre sin tener que esperarme hasta las 10pm si salgo a la 1
2025/09/23 9:05:05 p.Â m. GMT-6,19,Masculino,3er,No,Familia,3,Transporte;AlimentaciÃ³n;Renta/servicios,80-90,No,,No,,"Problemas externos (econÃ³micos, familiares, salud)",Adecuado,3,SÃ­,3,3,2,Nivel acadÃ©mico,3,No,SÃ­,3,"AcadÃ©micos (materias, maestros, horario)",
2025/09/23 9:08:59 p.Â m. GMT-6,19,Masculino,3er,No,Familia,4,Transporte;AlimentaciÃ³n;Renta/servicios,80-90,No,,No,,"Problemas externos (econÃ³micos, familiares, salud)",Adecuado,3,SÃ­,3,3,4,Nivel acadÃ©mico,3,No,SÃ­,3,"AcadÃ©micos (materias, maestros, horario)",
2025/09/23 9:14:42 p.Â m. GMT-6,19,Masculino,3er,No,Familia,3,Transporte;AlimentaciÃ³n;Renta/servicios,80-90,No,,No,,Carga acadÃ©mica excesiva,Adecuado,3,SÃ­,3,3,3,Nivel acadÃ©mico,3,No,SÃ­,3,EconÃ³micos,
2025/09/23 9:18:32 p.Â m. GMT-6,19,Masculino,3er,No,Familia,3,Transporte;AlimentaciÃ³n,90-100,No,,No,,,Adecuado,4,SÃ­,3,4,2,Exceso de tareas,3,No,SÃ­,5,"AcadÃ©micos (materias, maestros, horario)","Elegir buenos maestros, aunque igual poner de mi parte
"
2025/09/23 9:21:29 p.Â m. GMT-6,19,Masculino,3er,No,Familia,3,Transporte;AlimentaciÃ³n,90-100,No,,No,,,Adecuado,4,SÃ­,4,4,2,Exceso de tareas,3,No,SÃ­,4,EconÃ³micos,QuizÃ¡s que haya mejores oportunidades
2025/09/23 9:24:44 p.Â m. GMT-6,19,Masculino,3er,No,Familia,3,Transporte;AlimentaciÃ³n,90-100,No,,No,,,Adecuado,4,SÃ­,4,4,3,Exceso de tareas,3,No,SÃ­,4,EconÃ³micos,Ser mejor en lo que hago
2025/09/23 9:28:28 p.Â m. GMT-6,19,Masculino,3er,No,Familia,3,Transporte,80-90,SÃ­,1,No,,Falta de motivaciÃ³n/poco interÃ©s,Pesado por materias muy separadas,5,No,4,5,2,Exceso de tareas,5,No,SÃ­,5,"AcadÃ©micos (materias, maestros, horario)",Que mi horario fuera mÃ¡s accesible 
2025/09/23 9:31:55 p.Â m. GMT-6,19,Masculino,3er,No,Familia,2,Transporte,80-90,SÃ­,1,No,,Falta de motivaciÃ³n/poco interÃ©s,Pesado por materias muy separadas,5,No,4,5,2,Horarios,5,No,SÃ­,5,"AcadÃ©micos (materias, maestros, horario)",Que mi horario fuera mÃ¡s accesible 
2025/09/23 10:03:13 p.Â m. GMT-6,19,Masculino,3er,No,Familia,2,Transporte,90-100,No,,No,,,Adecuado,3,SÃ­,2,4,4,Exceso de tareas,4,No,SÃ­,4,"Personales (salud, motivaciÃ³n, otros)",Seria mas que nada mi situaciÃ³n econÃ³mica 
2025/09/23 10:57:03 p.Â m. GMT-6,20,Femenino,5to,No,Familia,2,Transporte;AlimentaciÃ³n,80-90,No,,No,,Horarios poco adecuados,Pesado por materias muy separadas,3,No,2,2,3,Exceso de tareas,3,"SÃ­, cambiar de carrera",No,3,"Personales (salud, motivaciÃ³n, otros)",
2025/09/23 11:21:52 p.Â m. GMT-6,19,Femenino,3er,No,Familia,1,Transporte;Materiales escolares,80-90,No,,No,,Carga acadÃ©mica excesiva,Adecuado,5,No,3,4,3,Exceso de tareas,3,No,SÃ­,4,"Personales (salud, motivaciÃ³n, otros)",solo la parte personal
2025/09/23 11:29:36 p.Â m. GMT-6,18,Femenino,3er,No,Familia,2,Transporte,80-90,No,,No,,Falta de motivaciÃ³n/poco interÃ©s,Adecuado,4,No,3,4,3,Exceso de tareas,3,No,No,4,"Personales (salud, motivaciÃ³n, otros)",el area personal
2025/09/23 11:51:38 p.Â m. GMT-6,19,Femenino,5to,No,Familia,2,Transporte;Renta/servicios,70-80,No,,No,,Horarios poco adecuados,Adecuado,3,SÃ­,3,4,3,Profesores,4,No,SÃ­,5,"AcadÃ©micos (materias, maestros, horario)","Los horarios, a muchas personas nos afecta tener horarios de dÃ­a y noche al mismo tiempo, haciendo un esfuerzo para poder llevar las materias que necesitamos. "
2025/09/24 7:59:43 a.Â m. GMT-6,19,Femenino,3er,No,Familia,3,Transporte;AlimentaciÃ³n;Materiales escolares;Renta/servicios,90-100,No,,No,,Falta de motivaciÃ³n/poco interÃ©s,Adecuado,4,No,1,4,4,Ambiente escolar (compaÃ±eros),4,No,SÃ­,5,"Personales (salud, motivaciÃ³n, otros)",Mi concentraciÃ³n y mi forma de esforzarme por las materias 
2025/09/24 8:03:02 a.Â m. GMT-6,19,Femenino,3er,No,Familia,3,Transporte;AlimentaciÃ³n;Materiales escolares;Renta/servicios,90-100,No,,No,,Falta de motivaciÃ³n/poco interÃ©s,Adecuado,4,No,1,4,3,Ambiente escolar (compaÃ±eros),4,No,SÃ­,5,"Personales (salud, motivaciÃ³n, otros)",Concentrarme mas en las materias que tengo y practicar mas mis habilidades relacionadas 
2025/09/24 8:06:00 a.Â m. GMT-6,19,Femenino,3er,No,Familia,3,Transporte;AlimentaciÃ³n;Materiales escolares;Renta/servicios,90-100,No,,No,,Falta de motivaciÃ³n/poco interÃ©s,Adecuado,3,No,1,4,4,Ambiente escolar (compaÃ±eros),3,No,SÃ­,5,"Personales (salud, motivaciÃ³n, otros)",Me gustarÃ­a concentrarme mas en mis objetivos y comenzar a cambiar mi forma de estudio 
2025/09/24 8:08:30 a.Â m. GMT-6,19,Femenino,3er,No,Familia,4,Transporte;AlimentaciÃ³n;Materiales escolares;Renta/servicios,90-100,No,,No,,Falta de motivaciÃ³n/poco interÃ©s,Adecuado,3,No,1,4,4,Ambiente escolar (compaÃ±eros),4,No,SÃ­,5,"Personales (salud, motivaciÃ³n, otros)","TratarÃ­a de subir mi promedio general y esforzarme mas con todas las materias, Ãºltimamente he dejado de lado estudiar y solo voy a la escuela "
2025/09/24 10:13:11 a.Â m. GMT-6,21,Masculino,7mo,No,Familia,1,Otro,80-90,SÃ­,1,No,,Falta de motivaciÃ³n/poco interÃ©s,Pesado por materias muy separadas,5,No,5,5,1,Horarios,4,No,SÃ­,3,Ninguno,Estoy satisfecho con mi situaciÃ³n acadÃ©mica actual
2025/09/24 11:28:02 a.Â m. GMT-6,18,Masculino,3er,No,Familia,1,Transporte,80-90,No,,No,,,Adecuado,3,No,5,5,3,Exceso de tareas,3,"SÃ­, cambiar de carrera",SÃ­,5,"Personales (salud, motivaciÃ³n, otros)",seria como un apoyo o motivaciÃ³n 
2025/09/24 11:33:54 a.Â m. GMT-6,23,Femenino,7mo,No,Familia,4,Transporte;AlimentaciÃ³n;Renta/servicios,70-80,SÃ­,3,No,1,Horarios poco adecuados,Pesado por materias muy separadas,4,SÃ­,2,1,3,Horarios,3,"SÃ­, cambiar de carrera",SÃ­,5,"Sociales (amistades, ambiente)","SerÃ­a organizar mejor mi tiempo para aprovechar al mÃ¡ximo mis estudios y tener un aprendizaje mÃ¡s sÃ³lido que me ayude en mi trayectoria futura.



"
2025/09/24 2:45:28 p.Â m. GMT-6,18,Masculino,3er,No,Familia,2,Transporte;AlimentaciÃ³n;Materiales escolares;Renta/servicios,90-100,No,,No,,MÃ©todo de enseÃ±anza de los profesores,Pesado por carga excesiva,3,SÃ­,2,3,3,Exceso de tareas,3,"SÃ­, cambiar de carrera",SÃ­,3,"Sociales (amistades, ambiente)",
2025/09/24 2:46:39 p.Â m. GMT-6,18,Masculino,3er,No,Familia,3,Transporte;AlimentaciÃ³n;Materiales escolares;Renta/servicios,90-100,No,,No,,Horarios poco adecuados,Adecuado,3,No,3,3,3,Horarios,4,"SÃ­, cambiar de carrera",No,3,"AcadÃ©micos (materias, maestros, horario)",
2025/09/24 2:47:44 p.Â m. GMT-6,18,Masculino,3er,No,Familia,2,AlimentaciÃ³n;Materiales escolares,90-100,No,,No,,Falta de motivaciÃ³n/poco interÃ©s,Pesado por materias muy separadas,4,No,3,3,3,Profesores,3,"SÃ­, cambiar de carrera",No,3,"Sociales (amistades, ambiente)",
2025/09/24 2:55:25 p.Â m. GMT-6,19,Femenino,3er,No,Familia,3,Transporte;AlimentaciÃ³n,80-90,No,,No,,,Pesado por carga excesiva,3,No,2,3,5,Horarios,3,"SÃ­, cambiar de carrera",No,3,"AcadÃ©micos (materias, maestros, horario)",Tiempo y dedicaciÃ³n a cada materia 
2025/09/24 3:10:02 p.Â m. GMT-6,19,Masculino,5to,No,Familia,1,Otro,90-100,No,,No,,,Adecuado,4,SÃ­,2,3,3,Ambiente escolar (compaÃ±eros),5,"SÃ­, abandonar los estudios",SÃ­,5,"Personales (salud, motivaciÃ³n, otros)",
2025/09/24 4:35:23 p.Â m. GMT-6,19,Femenino,3er,Medio tiempo,Trabajo,5,Transporte;AlimentaciÃ³n;Materiales escolares,90-100,No,,No,,"Problemas externos (econÃ³micos, familiares, salud)",Adecuado,2,SÃ­,2,3,5,SituaciÃ³n econÃ³mica,4,"SÃ­, abandonar los estudios",SÃ­,5,EconÃ³micos,Alguna beca o horarios mÃ¡s accesibles
2025/09/24 4:42:03 p.Â m. GMT-6,19,Femenino,3er,Medio tiempo,Trabajo,5,Transporte,90-100,No,,No,,"Problemas externos (econÃ³micos, familiares, salud)",Pesado por carga excesiva,2,SÃ­,2,3,5,SituaciÃ³n econÃ³mica,5,"SÃ­, abandonar los estudios",SÃ­,5,EconÃ³micos,"Alguna beca, horario mÃ¡s accesibles o mi situaciÃ³n econÃ³mica "
2025/09/24 5:18:35 p.Â m. GMT-6,20,Masculino,5to,Medio tiempo,Trabajo,3,Transporte;AlimentaciÃ³n;Materiales escolares;Renta/servicios,80-90,No,,No,,,Adecuado,3,No,2,5,4,Horarios,4,No,SÃ­,5,EconÃ³micos,asistencia no obligatoria para ciertas materias
2025/09/24 5:29:18 p.Â m. GMT-6,20,Masculino,3er,No,Familia,3,Materiales escolares,80-90,No,,No,,Falta de motivaciÃ³n/poco interÃ©s,Adecuado,4,SÃ­,3,3,3,Nivel acadÃ©mico,3,"SÃ­, cambiar de carrera",SÃ­,4,"Personales (salud, motivaciÃ³n, otros)",El modo de estudio que tengo
2025/09/24 6:27:05 p.Â m. GMT-6,21,Masculino,5to,Medio tiempo,Familia,1,Otro,Menor a 70,SÃ­,1,No,,Falta de motivaciÃ³n/poco interÃ©s,Pesado por materias muy separadas,3,SÃ­,2,4,2,Horarios,3,"SÃ­, abandonar los estudios",SÃ­,4,"AcadÃ©micos (materias, maestros, horario)",mejorar mi carga academica y mi horario 
2025/09/24 6:53:07 p.Â m. GMT-6,21,Femenino,3er,No,Familia,3,Transporte,80-90,No,,No,,Horarios poco adecuados,Adecuado,3,SÃ­,4,4,4,Horarios,2,No,SÃ­,5,"AcadÃ©micos (materias, maestros, horario)","El transporte, es muy pesado levantarse temprano y viajar 2 horas hasta la escuela"
2025/09/24 6:56:55 p.Â m. GMT-6,23,Masculino,3er,Medio tiempo,Trabajo,3,AlimentaciÃ³n;Materiales escolares;Renta/servicios,90-100,No,,No,,,Adecuado,4,SÃ­,2,4,4,Ambiente escolar (compaÃ±eros),3,No,SÃ­,4,"Personales (salud, motivaciÃ³n, otros)",Nada
2025/09/24 7:39:20 p.Â m. GMT-6,23,Masculino,3er,No,Familia,5,Transporte;AlimentaciÃ³n;Materiales escolares,90-100,No,,No,,,Pesado por materias muy separadas,5,No,2,5,3,Horarios,5,No,SÃ­,5,EconÃ³micos,"Los horarios, poner a los maestros que tienen mÃ¡s indices de reprobados en horarios que empalmen con la misma materia, pero con maestros mejores, tratar de no poner materias muy separadas porque luego parece jornada laboral y no estÃ¡ chido levantarse a las 5 AM y llegar a tu casa a las 6 PM, y mÃ¡s siendo alumno regular, no da tiempo ni de comer a gusto."
2025/09/24 7:43:23 p.Â m. GMT-6,23,Masculino,3er,No,Familia,5,Transporte;AlimentaciÃ³n;Materiales escolares,90-100,No,,No,,Horarios poco adecuados,Pesado por materias muy separadas,5,SÃ­,2,5,3,Horarios,5,No,SÃ­,5,EconÃ³micos,"Los horarios, poner a los maestros que tienen mÃ¡s indices de reprobados en horarios que empalmen con la misma materia, pero con maestros mejores, tratar de no poner materias muy separadas porque luego parece jornada laboral y no estÃ¡ chido levantarse a las 5 AM y llegar a tu casa a las 6 PM, y mÃ¡s siendo alumno regular, no da tiempo ni de comer a gusto."
2025/09/24 7:44:28 p.Â m. GMT-6,19,Masculino,3er,No,Familia,3,Transporte;Materiales escolares,90-100,No,,No,,Horarios poco adecuados,Pesado por materias muy separadas,3,SÃ­,5,5,3,Exceso de tareas,4,No,SÃ­,5,"AcadÃ©micos (materias, maestros, horario)",Mi horario ya que la verdad el tiempo que me hago en los viajes hacia mi hogar me gasta mucho tiempo y no me permite pasar tiempo con mi familia mÃ¡s que para actividades escolares.
2025/09/24 7:50:10 p.Â m. GMT-6,19,Masculino,3er,No,Familia,3,Transporte;AlimentaciÃ³n;Materiales escolares,90-100,No,,No,,,Pesado por materias muy separadas,4,SÃ­,5,4,3,Horarios,3,No,SÃ­,3,"AcadÃ©micos (materias, maestros, horario)","El horario, volverlo menos pesado a los que viajamos desde lejos todos los dÃ­as."
2025/09/24 7:57:43 p.Â m. GMT-6,19,Masculino,3er,No,Familia,5,Transporte;Materiales escolares,80-90,No,,No,,,Pesado por carga excesiva,2,SÃ­,2,3,4,Profesores,3,No,SÃ­,4,"Personales (salud, motivaciÃ³n, otros)","La organizaciÃ³n de los horarios, ya que llegan a existir huecos de horas que terminan afectando las horas de entradas o salida, ya que siempre se entra muy temprano y se sale tarde independientemente de la variedad de horario que tenÃ­a para meter"
2025/09/24 8:05:27 p.Â m. GMT-6,18,Masculino,3er,No,Familia,5,Transporte;Materiales escolares,80-90,No,,No,,,Pesado por carga excesiva,2,SÃ­,2,3,4,Profesores,2,No,SÃ­,4,"Personales (salud, motivaciÃ³n, otros)","La organizaciÃ³n de los horarios, ya que llegan a existir huecos de horas que terminan afectando las horas de entradas o salida, ya que siempre se entra muy temprano y se sale tarde independientemente de la variedad de horario que tenÃ­a para meter"
2025/09/24 8:10:48 p.Â m. GMT-6,18,Masculino,3er,No,Familia,4,Transporte;Materiales escolares,80-90,No,,No,,,Pesado por carga excesiva,2,SÃ­,2,3,4,Profesores,2,No,SÃ­,4,"Personales (salud, motivaciÃ³n, otros)","La organizaciÃ³n de los horarios, ya que llegan a existir huecos de horas que terminan afectando las horas de entradas o salida, ya que siempre se entra muy temprano y se sale tarde independientemente de la variedad de horario que tenÃ­a para meter"
2025/09/24 9:29:31 p.Â m. GMT-6,20,Masculino,7mo,No,Familia,4,Otro,70-80,SÃ­,2,No,,Falta de motivaciÃ³n/poco interÃ©s,Adecuado,4,SÃ­,3,3,4,Nivel acadÃ©mico,3,"SÃ­, abandonar los estudios",No,3,"Personales (salud, motivaciÃ³n, otros)",
2025/09/24 9:37:30 p.Â m. GMT-6,18,Masculino,3er,No,Familia,1,Materiales escolares,80-90,SÃ­,1,No,,MÃ©todo de enseÃ±anza de los profesores,Pesado por materias muy separadas,4,No,4,5,2,Horarios,4,No,SÃ­,4,"Personales (salud, motivaciÃ³n, otros)",mejorar mi promedio
2025/09/24 9:49:23 p.Â m. GMT-6,18,Masculino,3er,No,Familia,1,Materiales escolares,80-90,SÃ­,1,No,,Horarios poco adecuados,Pesado por materias muy separadas,4,No,4,5,2,Horarios,4,No,SÃ­,5,"Personales (salud, motivaciÃ³n, otros)",aumentar mi promedio 
2025/09/24 9:54:18 p.Â m. GMT-6,18,Masculino,3er,No,Familia,2,Transporte;AlimentaciÃ³n,70-80,No,,No,,MÃ©todo de enseÃ±anza de los profesores,Pesado por materias muy separadas,3,SÃ­,1,4,3,Horarios,4,No,SÃ­,5,"Personales (salud, motivaciÃ³n, otros)",Las instalaciones 
2025/09/24 9:56:11 p.Â m. GMT-6,18,Masculino,3er,No,Familia,2,Transporte,80-90,SÃ­,1,No,,MÃ©todo de enseÃ±anza de los profesores,Adecuado,5,No,4,4,2,Horarios,5,No,SÃ­,5,"Personales (salud, motivaciÃ³n, otros)",Seria mÃ¡s que nada mis mÃ©todos de transporte ya que luego no puedo alcanzar el necesario y termino llegando bastante tarde y levantÃ¡ndome bastante temprano. Pero no me falta mucho para tener uno particular.
2025/09/24 9:56:26 p.Â m. GMT-6,18,Masculino,3er,No,Familia,2,Transporte;AlimentaciÃ³n;Materiales escolares,70-80,No,,No,,MÃ©todo de enseÃ±anza de los profesores,Pesado por materias muy separadas,3,SÃ­,1,3,3,Horarios,4,No,SÃ­,5,"Personales (salud, motivaciÃ³n, otros)",Las instalaciones 
2025/09/24 10:25:05 p.Â m. GMT-6,25,Femenino,7mo,No,Familia,2,AlimentaciÃ³n,70-80,SÃ­,1,No,,MÃ©todo de enseÃ±anza de los profesores,Pesado por materias muy separadas,4,SÃ­,2,2,4,Profesores,4,"SÃ­, abandonar los estudios",SÃ­,4,"Sociales (amistades, ambiente)",cargar todas las materias que me faltan y terminar ya
2025/09/24 10:56:02 p.Â m. GMT-6,20,Masculino,3er,No,Familia,4,AlimentaciÃ³n;Renta/servicios,80-90,No,,No,,,Pesado por carga excesiva,3,SÃ­,2,3,4,Nivel acadÃ©mico,4,No,SÃ­,5,EconÃ³micos,"No cambiaria nada, esoy conforme con las decisiones que he tomado"
2025/09/24 10:58:34 p.Â m. GMT-6,20,Masculino,3er,No,Familia,3,AlimentaciÃ³n;Renta/servicios,80-90,No,,No,,,Pesado por carga excesiva,2,SÃ­,2,3,4,SituaciÃ³n econÃ³mica,4,No,SÃ­,5,EconÃ³micos,"Nada, estoy conforme con mis decisiones "
2025/09/25 5:17:09 p.Â m. GMT-6,20,Masculino,5to,No,Familia,5,Transporte;AlimentaciÃ³n;Materiales escolares,Menor a 70,SÃ­,3,No,,"Problemas externos (econÃ³micos, familiares, salud)",Pesado por materias muy separadas,5,SÃ­,5,3,3,SituaciÃ³n econÃ³mica,5,No,SÃ­,5,EconÃ³micos,Mi situaciÃ³n economica
2025/09/26 6:04:37 p.Â m. GMT-6,22,Masculino,7mo,Medio tiempo,Familia,1,Transporte;Materiales escolares,70-80,SÃ­,4,No,,MÃ©todo de enseÃ±anza de los profesores,Adecuado,3,SÃ­,5,5,5,Profesores,3,"SÃ­, cambiar de carrera",SÃ­,3,"AcadÃ©micos (materias, maestros, horario)",Maestros 
2025/09/27 2:09:58 a.Â m. GMT-6,19,Femenino,3er,No,Familia,2,AlimentaciÃ³n,70-80,SÃ­,1,No,,Falta de motivaciÃ³n/poco interÃ©s,Pesado por materias muy separadas,3,SÃ­,2,3,4,Exceso de tareas,2,"SÃ­, abandonar los estudios",No,3,"Personales (salud, motivaciÃ³n, otros)",
2025/09/27 12:29:44 p.Â m. GMT-6,22,Masculino,3er,No,Familia,1,Transporte;AlimentaciÃ³n;Renta/servicios,70-80,SÃ­,2,No,,Falta de motivaciÃ³n/poco interÃ©s,Pesado por materias muy separadas,4,SÃ­,1,2,5,Nivel acadÃ©mico,4,No,SÃ­,5,"AcadÃ©micos (materias, maestros, horario)",
2025/09/28 7:02:08 p.Â m. GMT-6,21,Masculino,7mo,No,Familia,1,AlimentaciÃ³n,70-80,SÃ­,2,No,,MÃ©todo de enseÃ±anza de los profesores,Pesado por materias muy separadas,3,SÃ­,2,5,4,Horarios,4,No,SÃ­,3,"AcadÃ©micos (materias, maestros, horario)",que haya mas cupos en las materias que ofrecen en cada semestre
2025/10/01 1:08:41 a.Â m. GMT-6,19,Femenino,3er,No,Familia,1,Renta/servicios,70-80,SÃ­,1,No,,Falta de motivaciÃ³n/poco interÃ©s,Adecuado,5,SÃ­,3,3,3,Exceso de tareas,3,No,SÃ­,5,Ninguno,
2025/10/03 10:19:40 a.Â m. GMT-6,19,Femenino,3er,Medio tiempo,Trabajo,5,Transporte;AlimentaciÃ³n;Materiales escolares;Renta/servicios,90-100,No,,No,,"Problemas externos (econÃ³micos, familiares, salud)",Pesado por carga excesiva,2,SÃ­,1,3,5,SituaciÃ³n econÃ³mica,5,"SÃ­, abandonar los estudios",SÃ­,5,EconÃ³micos,EconomÃ­a 
2025/10/03 4:37:03 p.Â m. GMT-6,20,Masculino,3er,No,Familia,2,Transporte;AlimentaciÃ³n,70-80,SÃ­,3,No,,Horarios poco adecuados,Pesado por materias muy separadas,3,SÃ­,2,4,4,Horarios,3,No,SÃ­,5,"Sociales (amistades, ambiente)","mejorar el plantel educativo ya que esta en condiciones precarias y vergonzosas, y eso afecta el rendimiento escolar de manera directa, como por ejemplo el estado actual del edificio de sistemas o todos los baÃ±os de la institucion"
